aadhar_no,holder_name,dob,gender,phone,email
102427595357,Hilda Toy,1962-07-08,F,350.738.9040,staci.mueller@yahoo.com
144544266723,Pattie Zieme,1965-04-14,O,219.644.1956,love.kutch@yahoo.com
163323811023,Mr. Janelle Mertz,1943-11-08,O,(757) 747-3903,brianna.purdy@hotmail.com
203249753210,Ms. Jacob Hilpert,1990-12-14,M,613.169.1889,angel.abernathy@yahoo.com
215066055265,Christin Thompson,1982-08-01,O,097-412-0189,jimmie.fisher@hotmail.com
309452684495,Tory Romaguera,1965-08-23,F,(098) 692-6462,tyron.romaguera@hotmail.com
326349845953,Viola Pacocha,1948-05-03,F,634.688.4845,gianna.green@hotmail.com
329083865264,Marlen Ortiz,1958-04-29,O,597-892-5340,cruz.okeefe@gmail.com
340147863175,Curt Littel,1961-07-23,O,(666) 494-1069,august.keeling@yahoo.com
379777599594,Debora Moore Sr.,1987-07-27,O,1-028-529-3649,marline.willms@gmail.com
382332248492,Sherwood King,1942-06-27,M,(293) 421-4953,adele.rolfson@yahoo.com
393503212350,Pattie Moore PhD,1937-06-24,O,(493) 905-5326,kerstin.dubuque@hotmail.com
406245637564,Marguerita Doyle,1992-12-20,M,743.972.4076,clarissa.renner@yahoo.com
463112865886,Jennie Ryan PhD,1937-06-22,F,180.912.9797,donald.littel@hotmail.com
477722876954,Alfonso Fisher,1990-04-19,F,(952) 657-4807,lonny.dicki@gmail.com
512842280060,Mr. Loura Jenkins,1950-05-07,M,070-434-8859,gilma.purdy@gmail.com
521010324496,Jarrett Cormier,1974-09-29,M,460-808-7421,xavier.jacobson@hotmail.com
545564329238,Dr. Jeanelle Towne,1962-02-25,F,334-078-8056,anderson.tillman@yahoo.com
576887021274,Darleen Fritsch V,1991-09-14,M,1-100-367-0025,solomon.franecki@hotmail.com
581673261807,Margery Abshire,1936-06-13,F,695.546.7880,lila.thompson@yahoo.com
621971957023,Calandra Altenwerth,1999-08-22,O,(158) 495-3590,seymour.wehner@gmail.com
656740886780,Patricia Price,1938-10-26,M,(228) 668-3275,ernie.schinner@yahoo.com
660085938419,Marion Sanford,1971-08-15,F,244.664.6790,justina.swaniawski@gmail.com
668235258920,Israel Russel,1956-08-27,M,1-435-250-4171,heath.harber@hotmail.com
673405868867,Patty Nienow,1942-05-06,O,1-549-756-0482,nida.parisian@yahoo.com
744298905242,Launa OKeefe,1942-03-12,O,956.674.5347,kevin.reinger@hotmail.com
765801325568,Tracy Strosin DDS,2004-04-12,F,1-920-175-2489,marcelino.gulgowski@yahoo.com
813113249522,Seymour Kunze,1944-06-04,O,627.980.8436,ernesto.farrell@gmail.com
838202635432,Napoleon Kling,1974-11-01,O,731.938.9108,chuck.oconnell@hotmail.com
995763034118,Dr. Ilse Klocko,1961-11-13,F,(823) 122-7596,lorraine.stoltenberg@gmail.com
